code,priority
000001.SZ,1
000002.SZ,2
000004.SZ,2
000005.SZ,2
000006.SZ,1
000007.SZ,1
000008.SZ,1
000009.SZ,2
000010.SZ,2
000011.SZ,2
000012.SZ,1
000014.SZ,2
000016.SZ,2
000017.SZ,2
000019.SZ,1
000020.SZ,1
000021.SZ,1
000023.SZ,2
000025.SZ,2
000026.SZ,1
000027.SZ,1
000028.SZ,1
000029.SZ,1
000030.SZ,1
000031.SZ,2
000032.SZ,1
000034.SZ,1
000035.SZ,2
000036.SZ,1
000037.SZ,2
000038.SZ,2
000039.SZ,2
000040.SZ,2
000042.SZ,2
000045.SZ,1
000046.SZ,2
000048.SZ,1
000049.SZ,2
000050.SZ,1
000055.SZ,1
000056.SZ,2
000058.SZ,2
000059.SZ,1
000060.SZ,1
000061.SZ,2
000062.SZ,1
000063.SZ,1
000065.SZ,1
000066.SZ,1
000068.SZ,1
000069.SZ,2
000070.SZ,1
000078.SZ,1
000088.SZ,1
000089.SZ,1
000090.SZ,2
000096.SZ,2
000099.SZ,1
000100.SZ,1
000150.SZ,2
000151.SZ,1
000153.SZ,2
000155.SZ,2
000156.SZ,1
000157.SZ,1
000158.SZ,1
000159.SZ,1
000166.SZ,1
000301.SZ,2
000333.SZ,1
000338.SZ,1
000400.SZ,1
000401.SZ,2
000402.SZ,2
000403.SZ,1
000404.SZ,2
000407.SZ,2
000408.SZ,2
000409.SZ,1
000410.SZ,1
000411.SZ,2
000413.SZ,2
000415.SZ,1
000416.SZ,2
000417.SZ,1
000419.SZ,2
000420.SZ,2
000421.SZ,2
000422.SZ,2
000423.SZ,1
000425.SZ,1
000426.SZ,1
000428.SZ,2
000429.SZ,1
000430.SZ,1
000488.SZ,2
000498.SZ,2
000501.SZ,1
000503.SZ,1
000504.SZ,2
000505.SZ,2
000506.SZ,1
000507.SZ,1
000509.SZ,2
000510.SZ,2
000513.SZ,1
000514.SZ,2
000516.SZ,1
000517.SZ,2
000518.SZ,2
000519.SZ,2
000520.SZ,2
000521.SZ,1
000523.SZ,2
000524.SZ,2
000525.SZ,2
000526.SZ,1
000528.SZ,1
000529.SZ,1
000530.SZ,2
000531.SZ,2
000532.SZ,1
000533.SZ,1
000534.SZ,1
000536.SZ,1
000537.SZ,2
000538.SZ,2
000539.SZ,1
000540.SZ,2
000541.SZ,2
000543.SZ,1
000544.SZ,2
000545.SZ,2
000546.SZ,2
000547.SZ,2
000548.SZ,2
000550.SZ,2
000551.SZ,1
000552.SZ,2
000553.SZ,2
000554.SZ,1
000555.SZ,1
000557.SZ,1
000558.SZ,2
000559.SZ,2
000560.SZ,1
000561.SZ,1
000563.SZ,1
000564.SZ,2
000565.SZ,2
000566.SZ,2
000567.SZ,1
000568.SZ,1
000570.SZ,1
000571.SZ,1
000572.SZ,2
000573.SZ,2
000576.SZ,2
000581.SZ,1
000582.SZ,2
000584.SZ,1
000586.SZ,1
000587.SZ,2
000589.SZ,1
000590.SZ,2
000591.SZ,2
000592.SZ,1
000593.SZ,2
000595.SZ,1
000596.SZ,1
000597.SZ,2
000598.SZ,1
000599.SZ,2
000600.SZ,1
000601.SZ,2
000603.SZ,1
000605.SZ,2
000606.SZ,2
000607.SZ,1
000608.SZ,2
000609.SZ,2
000610.SZ,1
000612.SZ,1
000615.SZ,2
000616.SZ,2
000617.SZ,2
000619.SZ,2
000620.SZ,2
000622.SZ,1
000623.SZ,1
000625.SZ,2
000626.SZ,2
000627.SZ,1
000628.SZ,2
000629.SZ,2
000630.SZ,2
000631.SZ,2
000632.SZ,2
000633.SZ,1
000635.SZ,1
000636.SZ,2
000637.SZ,2
000638.SZ,2
000639.SZ,1
000650.SZ,2
000651.SZ,1
000652.SZ,1
000655.SZ,1
000656.SZ,2
000657.SZ,2
000659.SZ,1
000661.SZ,1
000663.SZ,1
000665.SZ,2
000666.SZ,1
000667.SZ,2
000668.SZ,2
000669.SZ,1
000670.SZ,2
000671.SZ,2
000672.SZ,2
000676.SZ,1
000677.SZ,1
000678.SZ,2
000679.SZ,2
000680.SZ,2
000681.SZ,1
000682.SZ,1
000683.SZ,1
000685.SZ,1
000686.SZ,1
000688.SZ,2
000690.SZ,1
000691.SZ,1
000692.SZ,2
000695.SZ,1
000697.SZ,2
000698.SZ,2
000700.SZ,1
000701.SZ,1
000702.SZ,2
000703.SZ,2
000705.SZ,2
000707.SZ,2
000708.SZ,1
000709.SZ,2
000710.SZ,2
000711.SZ,2
000712.SZ,1
000713.SZ,2
000715.SZ,2
000716.SZ,1
000717.SZ,2
000718.SZ,2
000719.SZ,1
000720.SZ,1
000721.SZ,1
000722.SZ,2
000723.SZ,2
000725.SZ,1
000726.SZ,1
000727.SZ,1
000728.SZ,2
000729.SZ,1
000731.SZ,2
000732.SZ,2
000733.SZ,2
000735.SZ,1
000736.SZ,1
000737.SZ,1
000738.SZ,1
000739.SZ,2
000750.SZ,1
000751.SZ,1
000752.SZ,1
000753.SZ,1
000755.SZ,2
000756.SZ,1
000757.SZ,1
000758.SZ,1
000759.SZ,2
000761.SZ,1
000762.SZ,2
000766.SZ,1
000767.SZ,2
000768.SZ,2
000776.SZ,2
000777.SZ,1
000778.SZ,2
000779.SZ,2
000782.SZ,1
000783.SZ,1
000785.SZ,1
000786.SZ,1
000788.SZ,2
000789.SZ,2
000790.SZ,1
000791.SZ,2
000792.SZ,2
000793.SZ,1
000795.SZ,1
000796.SZ,2
000797.SZ,2
000798.SZ,1
000799.SZ,2
000800.SZ,2
000801.SZ,1
000802.SZ,1
000803.SZ,2
000806.SZ,2
000807.SZ,1
000809.SZ,2
000810.SZ,2
000811.SZ,1
000812.SZ,2
000813.SZ,1
000815.SZ,1
000816.SZ,2
000818.SZ,1
000819.SZ,1
000820.SZ,2
000821.SZ,1
000822.SZ,2
000823.SZ,1
000825.SZ,2
000826.SZ,2
000828.SZ,1
000829.SZ,2
000830.SZ,2
000831.SZ,1
000833.SZ,2
000836.SZ,1
000837.SZ,2
000838.SZ,2
000839.SZ,2
000848.SZ,1
000850.SZ,2
000851.SZ,1
000852.SZ,2
000856.SZ,2
000858.SZ,1
000859.SZ,1
000860.SZ,1
000861.SZ,2
000862.SZ,2
000863.SZ,2
000868.SZ,2
000869.SZ,1
000875.SZ,2
000876.SZ,2
000877.SZ,2
000878.SZ,1
000880.SZ,1
000881.SZ,2
000882.SZ,2
000883.SZ,2
000885.SZ,1
000886.SZ,1
000887.SZ,2
000888.SZ,1
000889.SZ,2
000890.SZ,1
000892.SZ,2
000893.SZ,2
000895.SZ,2
000897.SZ,2
000898.SZ,2
000899.SZ,1
000900.SZ,1
000901.SZ,1
000902.SZ,2
000903.SZ,1
000905.SZ,2
000906.SZ,2
000908.SZ,2
000909.SZ,2
000910.SZ,1
000911.SZ,2
000912.SZ,2
000913.SZ,1
000915.SZ,2
000917.SZ,1
000918.SZ,2
000919.SZ,2
000920.SZ,2
000921.SZ,1
000922.SZ,1
000923.SZ,1
000925.SZ,1
000926.SZ,2
000927.SZ,2
000928.SZ,1
000929.SZ,2
000930.SZ,1
000931.SZ,1
000932.SZ,1
000933.SZ,1
000935.SZ,1
000936.SZ,1
000937.SZ,2
000938.SZ,1
000948.SZ,1
000949.SZ,2
000950.SZ,1
000951.SZ,1
000952.SZ,1
000953.SZ,2
000955.SZ,1
000957.SZ,1
000958.SZ,2
000959.SZ,2
000960.SZ,2
000961.SZ,2
000962.SZ,1
000963.SZ,1
000965.SZ,2
000966.SZ,2
000967.SZ,1
000968.SZ,2
000969.SZ,1
000970.SZ,2
000971.SZ,1
000972.SZ,1
000973.SZ,1
000975.SZ,2
000976.SZ,2
000977.SZ,2
000978.SZ,1
000980.SZ,2
000981.SZ,2
000982.SZ,2
000983.SZ,2
000985.SZ,2
000987.SZ,2
000988.SZ,1
000989.SZ,1
000990.SZ,2
000993.SZ,2
000995.SZ,1
000996.SZ,1
000997.SZ,1
000998.SZ,1
000999.SZ,1
001201.SZ,2
001202.SZ,1
001203.SZ,2
001205.SZ,2
001206.SZ,2
001207.SZ,2
001208.SZ,2
001209.SZ,2
001210.SZ,1
001211.SZ,2
001212.SZ,2
001213.SZ,2
001215.SZ,1
001216.SZ,1
001217.SZ,2
001218.SZ,2
001219.SZ,2
001222.SZ,2
001223.SZ,2
001225.SZ,2
001226.SZ,2
001227.SZ,2
001228.SZ,2
001229.SZ,2
001230.SZ,2
001231.SZ,2
001234.SZ,2
001236.SZ,1
001238.SZ,2
001255.SZ,1
001256.SZ,2
001258.SZ,1
001259.SZ,2
001260.SZ,2
001266.SZ,2
001267.SZ,2
001268.SZ,2
001269.SZ,1
001270.SZ,1
001278.SZ,1
001283.SZ,2
001288.SZ,1
001289.SZ,2
001296.SZ,2
001298.SZ,2
001299.SZ,2
001300.SZ,2
001301.SZ,2
001308.SZ,2
001309.SZ,1
001311.SZ,1
001313.SZ,2
001314.SZ,2
001316.SZ,2
001317.SZ,2
001318.SZ,2
001319.SZ,2
001322.SZ,1
001323.SZ,2
001330.SZ,2
001331.SZ,2
001332.SZ,1
001333.SZ,2
001336.SZ,2
001337.SZ,1
001338.SZ,2
001339.SZ,2
001366.SZ,1
001696.SZ,1
001872.SZ,1
001896.SZ,2
001914.SZ,2
001965.SZ,1
001979.SZ,1
002001.SZ,2
002002.SZ,2
002003.SZ,2
002004.SZ,1
002005.SZ,1
002006.SZ,2
002007.SZ,1
002008.SZ,2
002009.SZ,2
002010.SZ,1
002011.SZ,1
002012.SZ,1
002013.SZ,1
002014.SZ,1
002015.SZ,2
002016.SZ,1
002017.SZ,1
002019.SZ,1
002020.SZ,1
002021.SZ,1
002022.SZ,1
002023.SZ,2
002024.SZ,2
002025.SZ,2
002026.SZ,2
002027.SZ,1
002028.SZ,1
002029.SZ,1
002030.SZ,1
002031.SZ,2
002032.SZ,1
002033.SZ,1
002034.SZ,2
002035.SZ,1
002036.SZ,2
002037.SZ,2
002038.SZ,2
002039.SZ,2
002040.SZ,1
002041.SZ,2
002042.SZ,2
002043.SZ,2
002044.SZ,1
002045.SZ,1
002046.SZ,2
002047.SZ,2
002048.SZ,1
002049.SZ,2
002050.SZ,2
002051.SZ,1
002052.SZ,2
002053.SZ,2
002054.SZ,1
002055.SZ,2
002056.SZ,2
002057.SZ,2
002058.SZ,2
002059.SZ,1
002060.SZ,2
002061.SZ,2
002062.SZ,2
002063.SZ,1
002064.SZ,1
002065.SZ,1
002066.SZ,2
002067.SZ,1
002068.SZ,2
002069.SZ,2
002072.SZ,2
002073.SZ,2
002074.SZ,2
002075.SZ,2
002076.SZ,1
002077.SZ,1
002078.SZ,1
002079.SZ,1
002080.SZ,2
002081.SZ,1
002082.SZ,2
002083.SZ,1
002084.SZ,2
002085.SZ,1
002086.SZ,1
002087.SZ,2
002088.SZ,1
002089.SZ,2
002090.SZ,1
002091.SZ,2
002092.SZ,2
002093.SZ,1
002094.SZ,1
002095.SZ,2
002096.SZ,1
002097.SZ,1
002098.SZ,2
002099.SZ,1
002100.SZ,2
002101.SZ,1
002102.SZ,2
002103.SZ,1
002104.SZ,2
002105.SZ,1
002106.SZ,1
002107.SZ,1
002108.SZ,2
002109.SZ,1
002110.SZ,2
002111.SZ,1
002112.SZ,1
002113.SZ,1
002114.SZ,1
002115.SZ,1
002116.SZ,1
002117.SZ,1
002118.SZ,2
002119.SZ,1
002120.SZ,2
002121.SZ,1
002122.SZ,1
002123.SZ,1
002124.SZ,2
002125.SZ,2
002126.SZ,1
002127.SZ,2
002128.SZ,2
002129.SZ,2
002130.SZ,1
002131.SZ,1
002132.SZ,2
002133.SZ,2
002134.SZ,2
002135.SZ,2
002136.SZ,2
002137.SZ,1
002138.SZ,1
002139.SZ,2
002140.SZ,1
002141.SZ,2
002142.SZ,2
002144.SZ,2
002145.SZ,2
002146.SZ,2
002148.SZ,2
002149.SZ,1
002150.SZ,1
002151.SZ,1
002152.SZ,1
002153.SZ,2
002154.SZ,1
002155.SZ,1
002156.SZ,1
002157.SZ,2
002158.SZ,1
002159.SZ,1
002160.SZ,2
002161.SZ,1
002162.SZ,2
002163.SZ,2
002164.SZ,2
002165.SZ,2
002166.SZ,2
002167.SZ,1
002168.SZ,2
002169.SZ,2
002170.SZ,1
002171.SZ,2
002172.SZ,1
002173.SZ,2
002174.SZ,1
002175.SZ,2
002176.SZ,2
002177.SZ,2
002178.SZ,2
002179.SZ,2
002180.SZ,1
002181.SZ,2
002182.SZ,1
002183.SZ,2
002184.SZ,1
002185.SZ,1
002186.SZ,2
002187.SZ,2
002188.SZ,2
002189.SZ,1
002190.SZ,1
002191.SZ,2
002192.SZ,2
002193.SZ,2
002194.SZ,2
002195.SZ,1
002196.SZ,2
002197.SZ,1
002198.SZ,1
002199.SZ,2
002200.SZ,1
002201.SZ,2
002202.SZ,2
002203.SZ,1
002204.SZ,2
002205.SZ,2
002206.SZ,2
002207.SZ,2
002208.SZ,2
002209.SZ,2
002210.SZ,2
002211.SZ,2
002212.SZ,1
002213.SZ,2
002214.SZ,1
002215.SZ,1
002216.SZ,2
002217.SZ,2
002218.SZ,2
002219.SZ,1
002221.SZ,1
002222.SZ,1
002223.SZ,2
002224.SZ,1
002225.SZ,2
002226.SZ,1
002227.SZ,2
002228.SZ,1
002229.SZ,1
002230.SZ,1
002231.SZ,1
002232.SZ,1
002233.SZ,2
002234.SZ,1
002235.SZ,1
002236.SZ,1
002237.SZ,1
002238.SZ,1
002239.SZ,2
002240.SZ,2
002241.SZ,2
002242.SZ,1
002243.SZ,2
002244.SZ,2
002245.SZ,2
002246.SZ,2
002247.SZ,1
002248.SZ,1
002249.SZ,2
002250.SZ,2
002251.SZ,2
002252.SZ,1
002253.SZ,1
002254.SZ,1
002255.SZ,1
002256.SZ,2
002258.SZ,2
002259.SZ,1
002261.SZ,1
002262.SZ,1
002263.SZ,1
002264.SZ,2
002265.SZ,2
002266.SZ,2
002267.SZ,2
002268.SZ,2
002269.SZ,2
002270.SZ,1
002271.SZ,2
002272.SZ,2
002273.SZ,1
002274.SZ,2
002275.SZ,1
002276.SZ,1
002277.SZ,2
002278.SZ,1
002279.SZ,1
002280.SZ,2
002281.SZ,1
002282.SZ,2
002283.SZ,2
002284.SZ,2
002285.SZ,2
002286.SZ,2
002287.SZ,1
002288.SZ,2
002289.SZ,1
002290.SZ,1
002291.SZ,2
002292.SZ,1
002293.SZ,1
002294.SZ,1
002295.SZ,2
002296.SZ,1
002297.SZ,1
002298.SZ,1
002299.SZ,1
002300.SZ,2
002301.SZ,1
002302.SZ,2
002303.SZ,1
002304.SZ,1
002305.SZ,2
002306.SZ,1
002307.SZ,2
002308.SZ,1
002309.SZ,2
002310.SZ,2
002311.SZ,1
002312.SZ,2
002313.SZ,2
002314.SZ,2
002315.SZ,1
002316.SZ,2
002317.SZ,2
002318.SZ,1
002319.SZ,1
002320.SZ,1
002321.SZ,1
002322.SZ,1
002323.SZ,2
002324.SZ,2
002325.SZ,2
002326.SZ,2
002327.SZ,1
002328.SZ,1
002329.SZ,2
002330.SZ,2
002331.SZ,2
002332.SZ,1
002333.SZ,2
002334.SZ,1
002335.SZ,1
002336.SZ,1
002337.SZ,2
002338.SZ,1
002339.SZ,1
002340.SZ,2
002341.SZ,2
002342.SZ,1
002343.SZ,1
002344.SZ,1
002345.SZ,1
002346.SZ,2
002347.SZ,1
002348.SZ,1
002349.SZ,2
002350.SZ,2
002351.SZ,1
002352.SZ,1
002353.SZ,2
002354.SZ,1
002355.SZ,2
002356.SZ,1
002357.SZ,2
002358.SZ,1
002360.SZ,1
002361.SZ,1
002362.SZ,1
002363.SZ,1
002364.SZ,2
002365.SZ,2
002366.SZ,2
002367.SZ,1
002368.SZ,1
002369.SZ,2
002370.SZ,2
002371.SZ,2
002372.SZ,1
002373.SZ,1
002374.SZ,2
002375.SZ,2
002376.SZ,1
002377.SZ,2
002378.SZ,1
002379.SZ,1
002380.SZ,1
002381.SZ,1
002382.SZ,2
002383.SZ,1
002384.SZ,1
002385.SZ,1
002386.SZ,2
002387.SZ,1
002388.SZ,2
002389.SZ,1
002390.SZ,2
002391.SZ,1
002392.SZ,1
002393.SZ,1
002394.SZ,1
002395.SZ,2
002396.SZ,1
002397.SZ,2
002398.SZ,2
002399.SZ,2
002400.SZ,1
002401.SZ,1
002402.SZ,2
002403.SZ,2
002404.SZ,1
002405.SZ,1
002406.SZ,1
002407.SZ,2
002408.SZ,2
002409.SZ,2
002410.SZ,1
002411.SZ,2
002412.SZ,1
002413.SZ,1
002414.SZ,2
002415.SZ,1
002416.SZ,1
002417.SZ,2
002418.SZ,2
002419.SZ,2
002420.SZ,2
002421.SZ,1
002422.SZ,1
002423.SZ,2
002424.SZ,2
002425.SZ,2
002426.SZ,1
002427.SZ,2
002428.SZ,2
002429.SZ,1
002430.SZ,1
002431.SZ,2
002432.SZ,2
002433.SZ,2
002434.SZ,1
002435.SZ,2
002436.SZ,2
002437.SZ,2
002438.SZ,2
002439.SZ,1
002440.SZ,1
002441.SZ,2
002442.SZ,1
002443.SZ,2
002444.SZ,2
002445.SZ,2
002446.SZ,1
002448.SZ,2
002449.SZ,1
002451.SZ,2
002452.SZ,2
002453.SZ,2
002454.SZ,2
002455.SZ,2
002456.SZ,2
002457.SZ,2
002458.SZ,1
002459.SZ,2
002460.SZ,2
002461.SZ,1
002462.SZ,2
002463.SZ,1
002465.SZ,1
002466.SZ,2
002467.SZ,2
002468.SZ,2
002469.SZ,2
002470.SZ,2
002471.SZ,2
002472.SZ,2
002474.SZ,2
002475.SZ,2
002476.SZ,2
002478.SZ,1
002479.SZ,1
002480.SZ,1
002481.SZ,2
002482.SZ,2
002483.SZ,2
002484.SZ,1
002485.SZ,1
002486.SZ,1
002487.SZ,2
002488.SZ,1
002489.SZ,1
002490.SZ,2
002491.SZ,1
002492.SZ,1
002493.SZ,2
002494.SZ,1
002495.SZ,1
002496.SZ,2
002497.SZ,2
002498.SZ,1
002499.SZ,2
002500.SZ,1
002501.SZ,2
002502.SZ,2
002503.SZ,2
002504.SZ,1
002505.SZ,2
002506.SZ,2
002507.SZ,2
002508.SZ,2
002510.SZ,1
002511.SZ,1
002512.SZ,1
002513.SZ,2
002514.SZ,1
002515.SZ,1
002516.SZ,2
002517.SZ,1
002518.SZ,1
002519.SZ,1
002520.SZ,2
002521.SZ,1
002522.SZ,1
002523.SZ,2
002524.SZ,1
002526.SZ,2
002527.SZ,2
002528.SZ,1
002529.SZ,2
002530.SZ,1
002531.SZ,2
002532.SZ,1
002533.SZ,2
002534.SZ,2
002535.SZ,1
002536.SZ,1
002537.SZ,2
002538.SZ,2
002539.SZ,2
002540.SZ,1
002541.SZ,2
002542.SZ,1
002543.SZ,2
002544.SZ,1
002545.SZ,2
002546.SZ,1
002547.SZ,2
002548.SZ,2
002549.SZ,2
002550.SZ,2
002551.SZ,2
002552.SZ,2
002553.SZ,2
002554.SZ,2
002555.SZ,1
002556.SZ,2
002557.SZ,2
002558.SZ,1
002559.SZ,1
002560.SZ,1
002561.SZ,2
002562.SZ,2
002563.SZ,1
002564.SZ,2
002565.SZ,2
002566.SZ,2
002567.SZ,2
002568.SZ,1
002569.SZ,2
002570.SZ,1
002571.SZ,2
002572.SZ,2
002573.SZ,2
002574.SZ,1
002575.SZ,2
002576.SZ,1
002577.SZ,1
002578.SZ,2
002579.SZ,1
002580.SZ,2
002581.SZ,2
002582.SZ,2
002583.SZ,1
002584.SZ,2
002585.SZ,2
002586.SZ,1
002587.SZ,1
002588.SZ,1
002589.SZ,2
002590.SZ,1
002591.SZ,2
002592.SZ,2
002593.SZ,2
002594.SZ,2
002595.SZ,1
002596.SZ,2
002597.SZ,2
002598.SZ,2
002599.SZ,1
002600.SZ,1
002601.SZ,1
002602.SZ,2
002603.SZ,2
002605.SZ,1
002606.SZ,2
002607.SZ,2
002608.SZ,1
002609.SZ,1
002610.SZ,2
002611.SZ,2
002612.SZ,2
002613.SZ,2
002614.SZ,1
002615.SZ,1
002616.SZ,1
002617.SZ,2
002620.SZ,1
002621.SZ,2
002622.SZ,2
002623.SZ,2
002624.SZ,1
002625.SZ,1
002626.SZ,2
002627.SZ,2
002628.SZ,1
002629.SZ,1
002630.SZ,2
002631.SZ,1
002632.SZ,2
002633.SZ,1
002634.SZ,1
002635.SZ,2
002636.SZ,2
002637.SZ,2
002638.SZ,1
002639.SZ,2
002640.SZ,2
002641.SZ,2
002642.SZ,1
002643.SZ,1
002644.SZ,1
002645.SZ,2
002646.SZ,2
002647.SZ,2
002648.SZ,2
002649.SZ,1
002650.SZ,1
002651.SZ,1
002652.SZ,2
002653.SZ,1
002654.SZ,1
002655.SZ,1
002656.SZ,2
002657.SZ,2
002658.SZ,1
002659.SZ,1
002660.SZ,1
002661.SZ,1
002662.SZ,1
002663.SZ,1
002664.SZ,2
002665.SZ,2
002666.SZ,2
002667.SZ,2
002668.SZ,1
002669.SZ,1
002670.SZ,1
002671.SZ,2
002672.SZ,1
002673.SZ,1
002674.SZ,1
002675.SZ,1
002676.SZ,1
002677.SZ,1
002678.SZ,1
002679.SZ,1
002681.SZ,1
002682.SZ,1
002683.SZ,1
002685.SZ,2
002686.SZ,1
002687.SZ,2
002688.SZ,1
002689.SZ,2
002690.SZ,1
002691.SZ,1
002692.SZ,1
002693.SZ,2
002694.SZ,1
002695.SZ,1
002696.SZ,1
002697.SZ,1
002698.SZ,1
002699.SZ,2
002700.SZ,2
002701.SZ,1
002702.SZ,1
002703.SZ,1
002705.SZ,2
002706.SZ,2
002707.SZ,2
002708.SZ,2
002709.SZ,2
002712.SZ,1
002713.SZ,1
002714.SZ,2
002715.SZ,2
002716.SZ,1
002717.SZ,1
002718.SZ,1
002719.SZ,2
002721.SZ,1
002722.SZ,2
002723.SZ,2
002724.SZ,2
002725.SZ,2
002726.SZ,1
002727.SZ,1
002728.SZ,1
002729.SZ,2
002730.SZ,2
002731.SZ,2
002732.SZ,1
002733.SZ,1
002734.SZ,1
002735.SZ,1
002736.SZ,1
002737.SZ,2
002738.SZ,2
002739.SZ,1
002740.SZ,1
002741.SZ,1
002742.SZ,2
002743.SZ,2
002745.SZ,2
002746.SZ,1
002747.SZ,1
002748.SZ,2
002749.SZ,1
002750.SZ,2
002751.SZ,2
002752.SZ,1
002753.SZ,2
002755.SZ,2
002756.SZ,2
002757.SZ,2
002758.SZ,1
002759.SZ,2
002760.SZ,1
002761.SZ,2
002762.SZ,1
002763.SZ,1
002765.SZ,2
002766.SZ,2
002767.SZ,1
002768.SZ,1
002769.SZ,1
002771.SZ,1
002772.SZ,1
002773.SZ,1
002774.SZ,2
002775.SZ,1
002776.SZ,1
002777.SZ,2
002778.SZ,1
002779.SZ,1
002780.SZ,2
002781.SZ,2
002782.SZ,1
002783.SZ,1
002785.SZ,2
002786.SZ,1
002787.SZ,1
002788.SZ,1
002789.SZ,2
002790.SZ,1
002791.SZ,2
002792.SZ,1
002793.SZ,2
002795.SZ,1
002796.SZ,1
002797.SZ,1
002798.SZ,2
002799.SZ,2
002800.SZ,1
002801.SZ,2
002802.SZ,2
002803.SZ,1
002805.SZ,2
002806.SZ,2
002807.SZ,1
002808.SZ,1
002809.SZ,1
002810.SZ,2
002811.SZ,2
002812.SZ,2
002813.SZ,1
002815.SZ,1
002816.SZ,2
002817.SZ,2
002818.SZ,1
002819.SZ,1
002820.SZ,2
002821.SZ,2
002822.SZ,2
002823.SZ,2
002824.SZ,2
002825.SZ,2
002826.SZ,1
002827.SZ,1
002828.SZ,2
002829.SZ,1
002830.SZ,1
002831.SZ,1
002832.SZ,1
002833.SZ,2
002835.SZ,2
002836.SZ,1
002837.SZ,2
002838.SZ,2
002839.SZ,2
002840.SZ,2
002841.SZ,1
002842.SZ,2
002843.SZ,1
002845.SZ,2
002846.SZ,2
002847.SZ,1
002848.SZ,2
002849.SZ,1
002850.SZ,2
002851.SZ,1
002852.SZ,2
002853.SZ,1
002855.SZ,2
002856.SZ,2
002857.SZ,1
002858.SZ,1
002859.SZ,1
002860.SZ,2
002861.SZ,2
002862.SZ,1
002863.SZ,1
002864.SZ,2
002865.SZ,1
002866.SZ,1
002867.SZ,1
002868.SZ,1
002869.SZ,1
002870.SZ,2
002871.SZ,1
002872.SZ,1
002873.SZ,2
002875.SZ,1
002876.SZ,2
002877.SZ,1
002878.SZ,1
002879.SZ,2
002880.SZ,1
002881.SZ,2
002882.SZ,1
002883.SZ,2
002884.SZ,2
002885.SZ,1
002886.SZ,2
002887.SZ,2
002888.SZ,2
002889.SZ,1
002890.SZ,1
002891.SZ,2
002892.SZ,2
002893.SZ,1
002895.SZ,2
002896.SZ,2
002897.SZ,1
002898.SZ,2
002899.SZ,1
002900.SZ,2
002901.SZ,1
002902.SZ,2
002903.SZ,1
002905.SZ,1
002906.SZ,2
002907.SZ,2
002908.SZ,1
002909.SZ,2
002910.SZ,2
002911.SZ,2
002912.SZ,1
002913.SZ,2
002915.SZ,2
002916.SZ,2
002917.SZ,1
002918.SZ,1
002919.SZ,1
002920.SZ,2
002921.SZ,2
002922.SZ,2
002923.SZ,2
002925.SZ,2
002926.SZ,1
002927.SZ,2
002928.SZ,1
002929.SZ,1
002930.SZ,1
002931.SZ,2
002932.SZ,2
002933.SZ,2
002935.SZ,2
002936.SZ,2
002937.SZ,1
002938.SZ,1
002939.SZ,2
002940.SZ,2
002941.SZ,2
002942.SZ,1
002943.SZ,1
002945.SZ,2
002946.SZ,1
002947.SZ,1
002948.SZ,1
002949.SZ,1
002950.SZ,1
002951.SZ,1
002952.SZ,2
002953.SZ,2
002955.SZ,1
002956.SZ,1
002957.SZ,1
002958.SZ,2
002959.SZ,1
002960.SZ,2
002961.SZ,2
002962.SZ,2
002963.SZ,1
002965.SZ,1
002966.SZ,1
002967.SZ,1
002968.SZ,2
002969.SZ,2
002970.SZ,2
002971.SZ,1
002972.SZ,1
002973.SZ,1
002975.SZ,1
002976.SZ,2
002977.SZ,2
002978.SZ,2
002979.SZ,1
002980.SZ,2
002981.SZ,1
002982.SZ,1
002983.SZ,2
002984.SZ,2
002985.SZ,2
002986.SZ,2
002987.SZ,2
002988.SZ,1
002989.SZ,2
002990.SZ,1
002991.SZ,1
002992.SZ,1
002993.SZ,2
002995.SZ,1
002996.SZ,2
002997.SZ,1
002998.SZ,1
002999.SZ,2
003000.SZ,1
003001.SZ,2
003002.SZ,1
003003.SZ,1
003004.SZ,2
003005.SZ,1
003006.SZ,1
003007.SZ,2
003008.SZ,1
003009.SZ,1
003010.SZ,1
003011.SZ,1
003012.SZ,1
003013.SZ,1
003015.SZ,1
003016.SZ,1
003017.SZ,2
003018.SZ,1
003019.SZ,1
003020.SZ,1
003021.SZ,1
003022.SZ,2
003023.SZ,2
003025.SZ,2
003026.SZ,2
003027.SZ,2
003028.SZ,2
003029.SZ,1
003030.SZ,1
003031.SZ,1
003032.SZ,1
003033.SZ,1
003035.SZ,1
003036.SZ,1
003037.SZ,1
003038.SZ,2
003039.SZ,2
003040.SZ,2
003041.SZ,1
003042.SZ,2
003043.SZ,2
003816.SZ,1
300001.SZ,1
300002.SZ,1
300003.SZ,1
300004.SZ,2
300005.SZ,2
300006.SZ,2
300007.SZ,2
300008.SZ,1
300009.SZ,1
300010.SZ,2
300011.SZ,2
300012.SZ,1
300013.SZ,2
300014.SZ,2
300015.SZ,2
300016.SZ,2
300017.SZ,1
300018.SZ,1
300019.SZ,2
300020.SZ,2
300021.SZ,1
300022.SZ,1
300024.SZ,1
300025.SZ,1
300026.SZ,2
300027.SZ,1
300029.SZ,2
300030.SZ,2
300031.SZ,2
300032.SZ,1
300033.SZ,1
300034.SZ,2
300035.SZ,2
300036.SZ,1
300037.SZ,2
300039.SZ,2
300040.SZ,2
300041.SZ,2
300042.SZ,1
300043.SZ,1
300044.SZ,1
300045.SZ,1
300046.SZ,1
300047.SZ,1
300048.SZ,2
300049.SZ,1
300050.SZ,1
300051.SZ,1
300052.SZ,2
300053.SZ,1
300054.SZ,1
300055.SZ,2
300056.SZ,2
300057.SZ,2
300058.SZ,2
300059.SZ,2
300061.SZ,2
300062.SZ,2
300063.SZ,1
300065.SZ,2
300066.SZ,1
300067.SZ,1
300068.SZ,1
300069.SZ,2
300070.SZ,1
300071.SZ,1
300072.SZ,2
300073.SZ,2
300074.SZ,2
300075.SZ,1
300076.SZ,1
300077.SZ,1
300078.SZ,2
300079.SZ,1
300080.SZ,1
300081.SZ,2
300082.SZ,2
300083.SZ,2
300084.SZ,1
300085.SZ,1
300086.SZ,2
300087.SZ,2
300088.SZ,2
300089.SZ,2
300091.SZ,2
300092.SZ,1
300093.SZ,2
300094.SZ,2
300095.SZ,2
300096.SZ,2
300097.SZ,2
300098.SZ,2
300099.SZ,1
300100.SZ,2
300101.SZ,1
300102.SZ,2
300103.SZ,2
300105.SZ,1
300106.SZ,1
300107.SZ,1
300108.SZ,2
300109.SZ,1
300110.SZ,2
300111.SZ,1
300112.SZ,1
300113.SZ,2
300114.SZ,1
300115.SZ,2
300116.SZ,2
300117.SZ,2
300118.SZ,1
300119.SZ,1
300120.SZ,1
300121.SZ,1
300122.SZ,2
300123.SZ,1
300124.SZ,1
300125.SZ,2
300126.SZ,1
300127.SZ,2
300128.SZ,1
300129.SZ,1
300130.SZ,1
300131.SZ,2
300132.SZ,1
300133.SZ,1
300134.SZ,1
300135.SZ,2
300136.SZ,1
300137.SZ,1
300138.SZ,1
300139.SZ,1
300140.SZ,1
300141.SZ,2
300142.SZ,2
300143.SZ,1
300144.SZ,1
300145.SZ,1
300146.SZ,1
300147.SZ,2
300148.SZ,1
300149.SZ,2
300150.SZ,1
300151.SZ,2
300152.SZ,1
300153.SZ,2
300154.SZ,1
300155.SZ,1
300157.SZ,2
300158.SZ,2
300159.SZ,1
300160.SZ,2
300161.SZ,1
300162.SZ,1
300163.SZ,2
300164.SZ,2
300165.SZ,2
300166.SZ,2
300167.SZ,2
300168.SZ,1
300169.SZ,2
300170.SZ,1
300171.SZ,2
300172.SZ,1
300173.SZ,1
300174.SZ,2
300175.SZ,2
300176.SZ,1
300177.SZ,1
300179.SZ,2
300180.SZ,2
300181.SZ,1
300182.SZ,1
300183.SZ,1
300184.SZ,1
300185.SZ,1
300187.SZ,2
300188.SZ,1
300189.SZ,2
300190.SZ,2
300191.SZ,2
300192.SZ,1
300193.SZ,2
300194.SZ,1
300195.SZ,1
300196.SZ,2
300197.SZ,1
300198.SZ,2
300199.SZ,2
300200.SZ,1
300201.SZ,1
300203.SZ,2
300204.SZ,2
300205.SZ,2
300206.SZ,1
300207.SZ,2
300208.SZ,2
300209.SZ,2
300210.SZ,1
300211.SZ,1
300212.SZ,1
300213.SZ,1
300214.SZ,2
300215.SZ,2
300217.SZ,2
300218.SZ,2
300219.SZ,2
300220.SZ,2
300221.SZ,1
300222.SZ,1
300223.SZ,2
300224.SZ,2
300225.SZ,2
300226.SZ,1
300227.SZ,1
300228.SZ,2
300229.SZ,1
300230.SZ,1
300231.SZ,1
300232.SZ,1
300233.SZ,2
300234.SZ,2
300235.SZ,1
300236.SZ,1
300237.SZ,1
300238.SZ,2
300239.SZ,2
300240.SZ,2
300241.SZ,1
300242.SZ,1
300243.SZ,2
300244.SZ,2
300245.SZ,2
300246.SZ,1
300247.SZ,1
300248.SZ,2
300249.SZ,2
300250.SZ,2
300251.SZ,2
300252.SZ,1
300253.SZ,1
300254.SZ,2
300255.SZ,2
300256.SZ,1
300257.SZ,2
300258.SZ,2
300259.SZ,1
300260.SZ,1
300261.SZ,2
300262.SZ,1
300263.SZ,2
300264.SZ,1
300265.SZ,1
300266.SZ,2
300267.SZ,2
300268.SZ,2
300269.SZ,1
300270.SZ,1
300271.SZ,1
300272.SZ,2
300273.SZ,2
300274.SZ,2
300275.SZ,1
300276.SZ,2
300277.SZ,1
300278.SZ,2
300279.SZ,2
300280.SZ,2
300281.SZ,1
300282.SZ,1
300283.SZ,1
300284.SZ,2
300285.SZ,2
300286.SZ,1
300287.SZ,2
300288.SZ,1
300289.SZ,2
300290.SZ,1
300291.SZ,1
300292.SZ,2
300293.SZ,1
300294.SZ,1
300295.SZ,2
300296.SZ,1
300297.SZ,2
300298.SZ,1
300299.SZ,2
300300.SZ,2
300301.SZ,2
300302.SZ,1
300303.SZ,1
300304.SZ,1
300305.SZ,2
300306.SZ,2
300307.SZ,2
300308.SZ,1
300309.SZ,1
300310.SZ,2
300311.SZ,2
300313.SZ,2
300314.SZ,1
300315.SZ,1
300316.SZ,1
300317.SZ,1
300318.SZ,2
300319.SZ,1
300320.SZ,2
300321.SZ,1
300322.SZ,2
300323.SZ,1
300324.SZ,1
300326.SZ,1
300327.SZ,2
300328.SZ,2
300329.SZ,2
300330.SZ,2
300331.SZ,1
300332.SZ,2
300333.SZ,2
300334.SZ,2
300335.SZ,2
300336.SZ,2
300337.SZ,2
300338.SZ,1
300339.SZ,1
300340.SZ,2
300341.SZ,1
300342.SZ,1
300343.SZ,2
300344.SZ,1
300345.SZ,1
300346.SZ,2
300347.SZ,1
300348.SZ,1
300349.SZ,1
300350.SZ,2
300351.SZ,2
300352.SZ,1
300353.SZ,1
300354.SZ,1
300355.SZ,2
300356.SZ,1
300357.SZ,1
300358.SZ,1
300359.SZ,2
300360.SZ,1
300363.SZ,2
300364.SZ,1
300365.SZ,2
300366.SZ,1
300368.SZ,2
300369.SZ,1
300370.SZ,1
300371.SZ,1
300373.SZ,2
300374.SZ,1
300375.SZ,2
300376.SZ,1
300377.SZ,2
300378.SZ,1
300379.SZ,1
300380.SZ,1
300381.SZ,2
300382.SZ,2
300383.SZ,2
300384.SZ,1
300385.SZ,1
300386.SZ,2
300387.SZ,2
300388.SZ,1
300389.SZ,1
300390.SZ,2
300391.SZ,2
300392.SZ,2
300393.SZ,2
300394.SZ,1
300395.SZ,2
300396.SZ,1
300397.SZ,2
300398.SZ,2
300399.SZ,1
300400.SZ,2
300401.SZ,2
300402.SZ,2
300403.SZ,2
300404.SZ,2
300405.SZ,2
300406.SZ,1
300407.SZ,1
300408.SZ,1
300409.SZ,2
300410.SZ,2
300411.SZ,2
300412.SZ,2
300413.SZ,1
300414.SZ,1
300415.SZ,1
300416.SZ,1
300417.SZ,1
300418.SZ,1
300419.SZ,1
300420.SZ,1
300421.SZ,2
300422.SZ,1
300423.SZ,1
300424.SZ,1
300425.SZ,1
300426.SZ,1
300427.SZ,1
300428.SZ,2
300429.SZ,1
300430.SZ,1
300432.SZ,2
300433.SZ,1
300434.SZ,2
300435.SZ,1
300436.SZ,2
300437.SZ,2
300438.SZ,1
300439.SZ,2
300440.SZ,1
300441.SZ,2
300442.SZ,1
300443.SZ,2
300444.SZ,1
300445.SZ,1
300446.SZ,1
300447.SZ,1
300448.SZ,1
300449.SZ,1
300450.SZ,2
300451.SZ,1
300452.SZ,2
300453.SZ,1
300454.SZ,1
300455.SZ,1
300456.SZ,1
300457.SZ,2
300458.SZ,2
300459.SZ,1
300460.SZ,2
300461.SZ,1
300462.SZ,1
300463.SZ,2
300464.SZ,1
300465.SZ,2
300466.SZ,1
300467.SZ,2
300468.SZ,2
300469.SZ,1
300470.SZ,1
300471.SZ,2
300472.SZ,2
300473.SZ,2
300474.SZ,2
300475.SZ,2
300476.SZ,2
300477.SZ,2
300478.SZ,1
300479.SZ,1
300480.SZ,2
300481.SZ,2
300482.SZ,2
300483.SZ,2
300484.SZ,1
300485.SZ,2
300486.SZ,1
300487.SZ,1
300488.SZ,1
300489.SZ,1
300490.SZ,1
300491.SZ,1
300492.SZ,1
300493.SZ,1
300494.SZ,1
300495.SZ,1
300496.SZ,2
300497.SZ,2
300498.SZ,2
300499.SZ,1
300500.SZ,2
300501.SZ,2
300502.SZ,1
300503.SZ,2
300504.SZ,1
300505.SZ,2
300506.SZ,2
300507.SZ,2
300508.SZ,2
300509.SZ,1
300510.SZ,1
300511.SZ,1
300512.SZ,2
300513.SZ,1
300514.SZ,1
300515.SZ,1
300516.SZ,1
300517.SZ,2
300518.SZ,2
300519.SZ,2
300520.SZ,1
300521.SZ,1
300522.SZ,1
300523.SZ,1
300525.SZ,1
300526.SZ,1
300527.SZ,1
300528.SZ,1
300529.SZ,2
300530.SZ,2
300531.SZ,2
300532.SZ,1
300533.SZ,1
300534.SZ,2
300535.SZ,1
300536.SZ,2
300537.SZ,1
300538.SZ,1
300539.SZ,1
300540.SZ,2
300541.SZ,2
300542.SZ,1
300543.SZ,2
300545.SZ,1
300546.SZ,2
300547.SZ,2
300548.SZ,1
300549.SZ,1
300550.SZ,1
300551.SZ,2
300552.SZ,2
300553.SZ,1
300554.SZ,2
300555.SZ,2
300556.SZ,2
300557.SZ,1
300558.SZ,1
300559.SZ,1
300560.SZ,2
300561.SZ,1
300562.SZ,1
300563.SZ,1
300564.SZ,2
300565.SZ,1
300566.SZ,2
300567.SZ,1
300568.SZ,2
300569.SZ,2
300570.SZ,1
300571.SZ,2
300572.SZ,1
300573.SZ,1
300575.SZ,2
300576.SZ,1
300577.SZ,1
300578.SZ,2
300579.SZ,2
300580.SZ,1
300581.SZ,2
300582.SZ,2
300583.SZ,1
300584.SZ,2
300585.SZ,1
300586.SZ,1
300587.SZ,2
300588.SZ,2
300589.SZ,2
300590.SZ,2
300591.SZ,1
300592.SZ,1
300593.SZ,2
300594.SZ,1
300595.SZ,2
300596.SZ,2
300597.SZ,1
300598.SZ,1
300599.SZ,2
300600.SZ,1
300601.SZ,2
300602.SZ,1
300603.SZ,2
300604.SZ,2
300605.SZ,1
300606.SZ,1
300607.SZ,1
300608.SZ,2
300609.SZ,1
300610.SZ,2
300611.SZ,2
300612.SZ,2
300613.SZ,2
300614.SZ,2
300615.SZ,1
300616.SZ,2
300617.SZ,2
300618.SZ,2
300619.SZ,2
300620.SZ,1
300621.SZ,1
300622.SZ,1
300623.SZ,1
300624.SZ,1
300625.SZ,1
300626.SZ,1
300627.SZ,1
300628.SZ,1
300629.SZ,1
300630.SZ,2
300631.SZ,1
300632.SZ,1
300633.SZ,1
300634.SZ,1
300635.SZ,2
300636.SZ,2
300637.SZ,1
300638.SZ,2
300639.SZ,2
300640.SZ,1
300641.SZ,1
300642.SZ,2
300643.SZ,2
300644.SZ,1
300645.SZ,1
300647.SZ,2
300648.SZ,2
300649.SZ,2
300650.SZ,2
300651.SZ,2
300652.SZ,2
300653.SZ,2
300654.SZ,1
300655.SZ,2
300656.SZ,2
300657.SZ,2
300658.SZ,2
300659.SZ,1
300660.SZ,2
300661.SZ,2
300662.SZ,1
300663.SZ,2
300664.SZ,1
300665.SZ,1
300666.SZ,2
300667.SZ,2
300668.SZ,1
300669.SZ,2
300670.SZ,1
300671.SZ,2
300672.SZ,1
300673.SZ,2
300674.SZ,1
300675.SZ,2
300676.SZ,2
300677.SZ,2
300678.SZ,1
300679.SZ,2
300680.SZ,2
300681.SZ,2
300682.SZ,1
300683.SZ,2
300684.SZ,1
300685.SZ,2
300686.SZ,2
300687.SZ,1
300688.SZ,2
300689.SZ,1
300690.SZ,2
300691.SZ,2
300692.SZ,1
300693.SZ,1
300694.SZ,1
300695.SZ,1
300696.SZ,2
300697.SZ,1
300698.SZ,1
300699.SZ,2
300700.SZ,1
300701.SZ,2
300702.SZ,2
300703.SZ,1
300705.SZ,1
300706.SZ,1
300707.SZ,2
300708.SZ,2
300709.SZ,2
300710.SZ,2
300711.SZ,1
300712.SZ,2
300713.SZ,1
300715.SZ,1
300716.SZ,1
300717.SZ,1
300718.SZ,2
300719.SZ,1
300720.SZ,1
300721.SZ,2
300722.SZ,1
300723.SZ,1
300724.SZ,1
300725.SZ,2
300726.SZ,2
300727.SZ,2
300729.SZ,1
300730.SZ,2
300731.SZ,2
300732.SZ,2
300733.SZ,1
300735.SZ,2
300736.SZ,1
300737.SZ,1
300738.SZ,2
300739.SZ,1
300740.SZ,2
300741.SZ,1
300742.SZ,2
300743.SZ,1
300745.SZ,2
300746.SZ,2
300747.SZ,2
300748.SZ,2
300749.SZ,1
300750.SZ,2
300751.SZ,2
300752.SZ,2
300753.SZ,2
300755.SZ,2
300756.SZ,2
300757.SZ,2
300758.SZ,1
300759.SZ,2
300760.SZ,1
300761.SZ,1
300762.SZ,2
300763.SZ,2
300765.SZ,1
300766.SZ,1
300767.SZ,2
300768.SZ,2
300769.SZ,2
300770.SZ,1
300771.SZ,2
300772.SZ,2
300773.SZ,2
300774.SZ,2
300775.SZ,2
300776.SZ,2
300777.SZ,1
300778.SZ,1
300779.SZ,1
300780.SZ,1
300781.SZ,1
300782.SZ,2
300783.SZ,2
300785.SZ,2
300786.SZ,2
300787.SZ,2
300788.SZ,1
300789.SZ,1
300790.SZ,2
300791.SZ,1
300792.SZ,1
300793.SZ,1
300795.SZ,1
300796.SZ,1
300797.SZ,1
300798.SZ,1
300799.SZ,1
300800.SZ,2
300801.SZ,2
300802.SZ,2
300803.SZ,2
300805.SZ,1
300806.SZ,2
300807.SZ,1
300808.SZ,1
300809.SZ,2
300810.SZ,1
300811.SZ,2
300812.SZ,1
300813.SZ,2
300814.SZ,1
300815.SZ,2
300816.SZ,1
300817.SZ,1
300818.SZ,2
300819.SZ,2
300820.SZ,2
300821.SZ,2
300822.SZ,1
300823.SZ,2
300824.SZ,2
300825.SZ,2
300826.SZ,2
300827.SZ,1
300828.SZ,2
300829.SZ,2
300830.SZ,1
300831.SZ,1
300832.SZ,1
300833.SZ,1
300834.SZ,2
300835.SZ,2
300836.SZ,2
300837.SZ,1
300838.SZ,1
300839.SZ,1
300840.SZ,1
300841.SZ,2
300842.SZ,2
300843.SZ,2
300844.SZ,2
300845.SZ,1
300846.SZ,2
300847.SZ,1
300848.SZ,1
300849.SZ,1
300850.SZ,2
300851.SZ,1
300852.SZ,1
300853.SZ,1
300854.SZ,2
300855.SZ,2
300856.SZ,2
300857.SZ,1
300858.SZ,1
300859.SZ,2
300860.SZ,1
300861.SZ,2
300862.SZ,1
300863.SZ,2
300864.SZ,2
300865.SZ,1
300866.SZ,2
300867.SZ,2
300868.SZ,2
300869.SZ,2
300870.SZ,1
300871.SZ,2
300872.SZ,2
300873.SZ,2
300875.SZ,2
300876.SZ,2
300877.SZ,2
300878.SZ,2
300879.SZ,2
300880.SZ,2
300881.SZ,1
300882.SZ,1
300883.SZ,1
300884.SZ,2
300885.SZ,2
300886.SZ,2
300887.SZ,2
300888.SZ,1
300889.SZ,1
300890.SZ,2
300891.SZ,2
300892.SZ,2
300893.SZ,2
300894.SZ,2
300895.SZ,1
300896.SZ,1
300897.SZ,1
300898.SZ,2
300899.SZ,1
300900.SZ,1
300901.SZ,1
300902.SZ,2
300903.SZ,2
300905.SZ,1
300906.SZ,2
300907.SZ,2
300908.SZ,1
300909.SZ,1
300910.SZ,1
300911.SZ,2
300912.SZ,1
300913.SZ,2
300915.SZ,1
300916.SZ,2
300917.SZ,2
300918.SZ,1
300919.SZ,2
300920.SZ,2
300921.SZ,2
300922.SZ,2
300923.SZ,1
300925.SZ,2
300926.SZ,1
300927.SZ,2
300928.SZ,2
300929.SZ,2
300930.SZ,2
300931.SZ,2
300932.SZ,2
300933.SZ,1
300935.SZ,2
300936.SZ,1
300937.SZ,2
300938.SZ,2
300939.SZ,2
300940.SZ,2
300941.SZ,2
300942.SZ,2
300943.SZ,2
300945.SZ,2
300946.SZ,2
300947.SZ,2
300948.SZ,2
300949.SZ,2
300950.SZ,2
300951.SZ,2
300952.SZ,1
300953.SZ,2
300955.SZ,1
300956.SZ,1
300957.SZ,2
300958.SZ,2
300959.SZ,1
300960.SZ,2
300961.SZ,2
300962.SZ,1
300963.SZ,2
300964.SZ,1
300965.SZ,2
300966.SZ,2
300967.SZ,2
300968.SZ,1
300969.SZ,2
300970.SZ,2
300971.SZ,2
300972.SZ,1
300973.SZ,1
300975.SZ,2
300976.SZ,2
300977.SZ,2
300978.SZ,2
300979.SZ,2
300980.SZ,2
300981.SZ,2
300982.SZ,1
300983.SZ,2
300984.SZ,2
300985.SZ,2
300986.SZ,1
300987.SZ,2
300988.SZ,2
300989.SZ,2
300990.SZ,2
300991.SZ,2
300992.SZ,2
300993.SZ,2
300994.SZ,2
300995.SZ,2
300996.SZ,1
300997.SZ,1
300998.SZ,1
300999.SZ,1
301000.SZ,2
301001.SZ,2
301002.SZ,2
301003.SZ,2
301004.SZ,1
301005.SZ,2
301006.SZ,1
301007.SZ,2
301008.SZ,2
301009.SZ,2
301010.SZ,2
301011.SZ,2
301012.SZ,1
301013.SZ,2
301015.SZ,1
301016.SZ,1
301017.SZ,1
301018.SZ,2
301019.SZ,2
301020.SZ,2
301021.SZ,2
301022.SZ,2
301023.SZ,2
301024.SZ,2
301025.SZ,2
301026.SZ,2
301027.SZ,2
301028.SZ,2
301029.SZ,2
301030.SZ,1
301031.SZ,1
301032.SZ,2
301033.SZ,1
301035.SZ,2
301036.SZ,2
301037.SZ,2
301038.SZ,2
301039.SZ,1
301040.SZ,2
301041.SZ,1
301042.SZ,1
301043.SZ,1
301045.SZ,2
301046.SZ,2
301047.SZ,2
301048.SZ,2
301049.SZ,2
301050.SZ,2
301051.SZ,2
301052.SZ,2
301053.SZ,2
301055.SZ,2
301056.SZ,2
301057.SZ,2
301058.SZ,2
301059.SZ,1
301060.SZ,2
301061.SZ,2
301062.SZ,2
301063.SZ,2
301065.SZ,2
301066.SZ,2
301067.SZ,1
301068.SZ,1
301069.SZ,2
301070.SZ,1
301071.SZ,2
301072.SZ,2
301073.SZ,1
301075.SZ,2
301076.SZ,1
301077.SZ,2
301078.SZ,2
301079.SZ,2
301080.SZ,2
301081.SZ,2
301082.SZ,2
301083.SZ,2
301085.SZ,1
301086.SZ,1
301087.SZ,2
301088.SZ,2
301089.SZ,2
301090.SZ,1
301091.SZ,2
301092.SZ,2
301093.SZ,2
301095.SZ,2
301096.SZ,2
301097.SZ,1
301098.SZ,2
301099.SZ,2
301100.SZ,2
301101.SZ,1
301102.SZ,1
301103.SZ,2
301105.SZ,1
301106.SZ,2
301107.SZ,2
301108.SZ,2
301109.SZ,2
301110.SZ,2
301111.SZ,2
301112.SZ,2
301113.SZ,2
301115.SZ,2
301116.SZ,2
301117.SZ,1
301118.SZ,2
301119.SZ,1
301120.SZ,2
301121.SZ,2
301122.SZ,2
301123.SZ,2
301125.SZ,2
301126.SZ,2
301127.SZ,2
301128.SZ,1
301129.SZ,1
301130.SZ,2
301131.SZ,2
301132.SZ,2
301133.SZ,2
301135.SZ,2
301136.SZ,2
301137.SZ,2
301138.SZ,2
301139.SZ,1
301148.SZ,2
301149.SZ,2
301150.SZ,2
301151.SZ,2
301152.SZ,2
301153.SZ,1
301155.SZ,2
301156.SZ,2
301158.SZ,2
301159.SZ,2
301160.SZ,2
301161.SZ,1
301162.SZ,1
301163.SZ,2
301165.SZ,1
301166.SZ,2
301167.SZ,2
301168.SZ,1
301169.SZ,2
301171.SZ,1
301175.SZ,2
301176.SZ,1
301177.SZ,2
301178.SZ,2
301179.SZ,1
301180.SZ,2
301181.SZ,2
301182.SZ,2
301183.SZ,2
301185.SZ,1
301186.SZ,2
301187.SZ,2
301188.SZ,1
301189.SZ,2
301190.SZ,2
301191.SZ,1
301192.SZ,2
301193.SZ,1
301195.SZ,1
301196.SZ,2
301197.SZ,2
301198.SZ,1
301199.SZ,2
301200.SZ,2
301201.SZ,2
301205.SZ,1
301206.SZ,2
301207.SZ,2
301208.SZ,1
301209.SZ,2
301211.SZ,1
301212.SZ,2
301213.SZ,2
301215.SZ,2
301216.SZ,1
301217.SZ,2
301218.SZ,2
301219.SZ,2
301220.SZ,1
301221.SZ,2
301222.SZ,2
301223.SZ,1
301226.SZ,2
301227.SZ,1
301228.SZ,2
301229.SZ,2
301230.SZ,1
301231.SZ,2
301233.SZ,1
301234.SZ,2
301235.SZ,2
301236.SZ,2
301237.SZ,2
301238.SZ,2
301239.SZ,1
301248.SZ,1
301255.SZ,1
301256.SZ,2
301257.SZ,1
301258.SZ,2
301259.SZ,2
301260.SZ,1
301263.SZ,1
301265.SZ,1
301266.SZ,1
301267.SZ,1
301268.SZ,1
301269.SZ,2
301270.SZ,2
301273.SZ,1
301276.SZ,2
301277.SZ,2
301278.SZ,2
301279.SZ,2
301280.SZ,1
301282.SZ,2
301283.SZ,1
301285.SZ,2
301286.SZ,1
301288.SZ,2
301289.SZ,1
301290.SZ,2
301296.SZ,1
301297.SZ,1
301298.SZ,2
301299.SZ,1
301300.SZ,2
301301.SZ,1
301302.SZ,2
301303.SZ,2
301306.SZ,2
301308.SZ,2
301309.SZ,1
301311.SZ,1
301312.SZ,2
301313.SZ,1
301316.SZ,2
301317.SZ,1
301318.SZ,2
301319.SZ,1
301321.SZ,2
301322.SZ,1
301326.SZ,1
301327.SZ,2
301328.SZ,1
301330.SZ,2
301331.SZ,2
301333.SZ,1
301335.SZ,1
301336.SZ,2
301338.SZ,2
301339.SZ,1
301349.SZ,2
301356.SZ,1
301358.SZ,1
301359.SZ,1
301361.SZ,2
301363.SZ,1
301365.SZ,1
301366.SZ,1
301367.SZ,2
301368.SZ,1
301369.SZ,1
301373.SZ,1
301377.SZ,2
301379.SZ,1
301380.SZ,1
301388.SZ,2
301389.SZ,2
301391.SZ,1
301396.SZ,1
301398.SZ,1
301408.SZ,1
301419.SZ,1
430047.BJ,1
430090.BJ,2
430139.BJ,2
430198.BJ,2
430300.BJ,1
430418.BJ,1
430425.BJ,2
430476.BJ,1
430478.BJ,1
430489.BJ,2
430510.BJ,2
430564.BJ,2
430685.BJ,2
430718.BJ,1
600000.SH,1
600004.SH,1
600006.SH,2
600007.SH,1
600008.SH,1
600009.SH,1
600010.SH,2
600011.SH,1
600012.SH,1
600015.SH,1
600016.SH,1
600017.SH,1
600018.SH,1
600019.SH,1
600020.SH,1
600021.SH,1
600022.SH,1
600023.SH,1
600025.SH,1
600026.SH,1
600027.SH,1
600028.SH,1
600029.SH,1
600030.SH,1
600031.SH,1
600032.SH,2
600033.SH,1
600035.SH,1
600036.SH,2
600037.SH,1
600038.SH,1
600039.SH,1
600048.SH,2
600050.SH,1
600051.SH,1
600052.SH,1
600053.SH,1
600054.SH,1
600055.SH,2
600056.SH,2
600057.SH,1
600058.SH,2
600059.SH,1
600060.SH,1
600061.SH,1
600062.SH,2
600063.SH,2
600064.SH,2
600066.SH,1
600067.SH,2
600070.SH,1
600071.SH,2
600072.SH,1
600073.SH,1
600075.SH,2
600076.SH,1
600077.SH,2
600078.SH,2
600079.SH,1
600080.SH,2
600081.SH,2
600082.SH,2
600083.SH,2
600084.SH,1
600085.SH,1
600088.SH,1
600089.SH,2
600094.SH,2
600095.SH,1
600096.SH,2
600097.SH,2
600098.SH,1
600099.SH,1
600100.SH,1
600101.SH,2
600103.SH,1
600104.SH,2
600105.SH,1
600106.SH,1
600107.SH,2
600108.SH,2
600109.SH,1
600110.SH,2
600111.SH,2
600112.SH,2
600113.SH,2
600114.SH,2
600115.SH,1
600116.SH,2
600117.SH,2
600118.SH,1
600119.SH,2
600120.SH,1
600121.SH,2
600122.SH,2
600123.SH,2
600125.SH,1
600126.SH,1
600127.SH,2
600128.SH,1
600129.SH,1
600130.SH,1
600131.SH,1
600132.SH,1
600133.SH,1
600135.SH,1
600136.SH,2
600137.SH,1
600138.SH,1
600139.SH,2
600141.SH,2
600143.SH,2
600148.SH,1
600149.SH,1
600150.SH,1
600151.SH,1
600152.SH,1
600153.SH,2
600155.SH,2
600156.SH,2
600157.SH,1
600158.SH,1
600159.SH,2
600160.SH,1
600161.SH,1
600162.SH,2
600163.SH,2
600165.SH,2
600166.SH,1
600167.SH,2
600168.SH,1
600169.SH,2
600170.SH,2
600171.SH,2
600172.SH,2
600173.SH,2
600176.SH,1
600177.SH,1
600178.SH,1
600179.SH,2
600180.SH,2
600182.SH,1
600183.SH,1
600184.SH,1
600185.SH,2
600186.SH,1
600187.SH,2
600188.SH,2
600189.SH,1
600190.SH,2
600191.SH,2
600192.SH,2
600193.SH,1
600195.SH,1
600196.SH,2
600197.SH,1
600198.SH,1
600199.SH,1
600200.SH,1
600201.SH,1
600202.SH,1
600203.SH,2
600206.SH,2
600207.SH,2
600208.SH,1
600210.SH,1
600211.SH,1
600212.SH,1
600213.SH,2
600215.SH,2
600216.SH,2
600217.SH,1
600218.SH,2
600219.SH,1
600220.SH,2
600221.SH,1
600222.SH,2
600223.SH,1
600225.SH,1
600226.SH,1
600227.SH,1
600228.SH,1
600229.SH,1
600230.SH,2
600231.SH,1
600232.SH,1
600233.SH,2
600234.SH,2
600235.SH,1
600236.SH,2
600237.SH,1
600238.SH,2
600239.SH,1
600241.SH,1
600242.SH,2
600243.SH,2
600246.SH,2
600248.SH,2
600249.SH,1
600250.SH,1
600251.SH,2
600252.SH,2
600255.SH,1
600256.SH,2
600257.SH,2
600258.SH,1
600259.SH,2
600261.SH,1
